"objectid","scientificname","commonname","status","source","comments","len_at_maturity_tlcm","weight_to_len_eqn","fish_or_invert","synonym"
"338","unknown tadpole","unknown tadpole","Not recorded",,,,,"fish",
"337","Pseudacris regilla","Pacific treefrog tadpole","native",,,,,"neither",
"98","Mugil cephalus","striped mullet","native","http://www.fishbase.org/search.php",,"35.4cm, range 30-43.8cm","W=0.0132*L^2.92900","fish",
"340","Psettichthys melanostictus","Pacific sand sole","native","https://fishbase.mnhn.fr/summary/Psettichthys-melanostictus.html","Jan confirmed that this be added on 1/29/2024, requested by Marwah (MLML)",,,"fish",
"339","Emerita analoga","Pacific sand crab","native",,,,,"invert",
"342","unknown isopod","unknown isopod","Not recorded",,,,,"invert",
"6","Alosa sapidissima","American shad","invasive","http://calfish.ucdavis.edu/species/?uid=3&ds=698",,"43.4cm, range 38-48.5cm","W=0.0065*L^2.95900","fish",
"75","Hypsoblennius gilberti","rockpool blenny","native","http://www.fishbase.org/search.php",,"11.2cm, range 8.4-15cm","W=0.0133*L^3.1010","fish",
"74","Hypsoblennius gentilis","bay blenny","native","http://www.fishbase.org/search.php",,"10cm, range 7.5-13.4cm","W=0.0112*L^2.9790","fish",
"334","Cynoscion parvipinnis","Shortfin weakfish","native","https://www.fishbase.se/summary/3581",,,,"fish",
"112","Paralabrax clathratus","kelp bass","native","http://www.fishbase.org/search.php",,"35cm, range 26.1-46.9cm","W=0.0027*L^3.27000","fish",
"113","Paralabrax maculatofasciatus","spotted sand bass","native","http://www.fishbase.org/search.php",,"20.4cm, range 15.2-27.3cm","W=0.0160*L^2.92800","fish",
"94","Menticirrhus undulatus","California corbina","native","http://www.fishbase.org/search.php",,"25.2cm, range 18.8-33.7cm","W=0.0570*L^2.46400","fish",
"96","Microstomus pacificus","dover sole","native","http://www.fishbase.org/search.php",,"23.5cm, range 38-40cm","W=0.0122*L^2.93870","fish",
"97","Morone saxatilis","striped bass","invasive","https://www.waterboards.ca.gov/waterrights/water_issues/programs/bay_delta/deltaflow/docs/exhibits/swrcb/swrcb_matern2002.pdf",,"53.2cm, range 39.7-71.2cm","W=0.0061*l^3.15300","fish",
"359","Scorpaenidae sp.","rockfish","Not recorded","https://www.fishbase.se/summary/FamilySummary.php?ID=264",,,,"fish",
"333","unidentifiable fish","unidentifiable fish","Not recorded",,"Jan requested this to be added on 11/28",,,"fish",
"343","unknown copepod","unknown copepod","Not recorded",,,,,"invert",
"344","unknown bug","unknown bug","Not recorded",,,,,"invert",
"336","unknown clam","unknown clam","Not recorded",,,,,"invert",
"102","Myliobatis californica","bat ray","native","http://www.fishbase.org/search.php",,"120.2cm, range 89.7-161cm","W=0.0130*L^3.0000","fish",
"321","unknown brine shrimp","unknown brine shrimp","Not recorded",,,,,"invert",
"59","Gillichthys mirabilis","longjaw mudsucker goby","native","http://www.fishbase.org/search.php",,"13.4cm, range 11.3-15.8cm","W=0.0200*L^3.1700","fish",
"322","Navanax inermis","California aglaja","Not recorded",,,,,"invert",
"323","Siliqua patula","razor clam","Not recorded",,,,,"invert",
"325","Callinectes bellicosus","Cortez Swimming Crab","native",,,,,"invert",
"95","Micropterus salmoides","largemouth bass","invasive","http://www.fishbase.org/search.php",,"28.5cm, 21.3-38.2cm","W=0.0111*L^3.10800","fish",
"357","Porichthys myriaster","specklefin midshipman","native","https://fishbase.mnhn.fr/summary/3070",,,,"fish",
"326","unknown sponge","unknown sponge","Not recorded",,,,,"invert",
"328","unknown blenny","unknown blenny","Not recorded",,,,,"fish",
"302","unknown crab","unknown crab","Not recorded",,,,,"invert",
"345","Sebastes sp.","unknown rockfish","Not recorded",,,,,"fish",
"347","unknown nudibranch","unknown nudibranch","Not recorded",,,,,"invert",
"349","Cetengraulis mysticetus","Pacific anchoveta","non-native","https://biogeodb.stri.si.edu/sftep/en/thefishes/species/505",,,,"fish",
"350","juvenile mullet","juvenile mullet","Not recorded",,,,,"fish",
"351","juvenile topsmelt","juvenile topsmelt","Not recorded",,,,,"fish",
"352","unknown flatfish","unknown flatfish","Not recorded",,,,,"fish",
"354","Dendronotus iris","rainbow nudibranch","Not recorded",,,,,"invert",
"356","Syngnathus sp.","pipefish","Not recorded",,,,,"fish",
"358","Hypsoblennius sp.","blenny","Not recorded",,,,,"fish",
"360","Acanthinucella sp.","unicorn whelk snails","native","https://inverts.wallawalla.edu/Mollusca/Gastropoda/Prosobranchia/Order_Neogastropoda/Suborder_Rachiglossa/Family_Nucellidae/Acanthina_spirata.html",,"None","None","invert",
"361","Anisotremus davidsonii","Xantic sargo","native","https://www.fishbase.se/summary/Anisotremus-davidsoni.html",,"33.1cm, range 24.7-44.4cm","W=0.0188*L^3","fish",
"362","Atherinopsis californiensis","jack silverside","native","https://biogeodb.stri.si.edu/sftep/en/thefishes/species/811",,"26.5cm, range 19.8-35.4cm","W=0.0100*L^2.92000","fish",
"363","Atherinops sp.","silverside","native","https://biogeodb.stri.si.edu/sftep/en/thefishes/species/809",,"None","None","fish",
"364","Callianassa sp.","ghost shrimp","native","None",,"None","None","invert",
"365","Caulolatilus princeps","ocean whitefish","native","https://www.fishbase.in/summary/3539",,"54.5cm, range 40.7-73cm","None","fish",
"366","Cryptomya californica","California softshell clam","native","https://escholarship.org/uc/item/6t96k2rn",,"None","None","invert",
"367","Haminoea japonica","Japanese bubble snail","invasive","https://invasions.si.edu/nemesis/calnemo/species_summary/567649",,"None","None","invert",
"346","Quietula y-cauda","shadow goby","native","https://fishbase.mnhn.fr/summary/Quietula-y-cauda",,,,"fish",
"353","Syngnathus auliscus","barred pipefish","native","https://www.fishbase.se/summary/Syngnathus-auliscus.html",,,,"fish",
"335","Xenistius californiensis","Californian salema","native",,,,,"fish","Brachygenys californiensis"
"355","Cancer gracilis","graceful rock crab","native","https://inverts.wallawalla.edu/Arthropoda/Crustacea/Malacostraca/Eumalacostraca/Eucarida/Decapoda/Brachyura/Family_Cancridae/Cancer_gracilis.html",,,,"invert","Metacarcinus gracilis"
"237","Ophichthus zophochir","yellow snake eel","native","http://www.fishbase.org/search.php",,"40.8cm, range 30.5-54.7cm","W=0.0006*L^3.14840","fish",
"3","Acipenser medirostris","green sturgeon","native","http://calfish.ucdavis.edu/species/?uid=35&ds=241",,"range 105-140cm",,"fish",
"110","Oxyjulis californica","senorita","native","http://www.fishbase.org/search.php",,"15.7cm, range 11.7-21.1cm",,"fish",
"60","Girella nigricans","opaleye","native","http://www.fishbase.org/search.php",,"37.1cm, range 27.7-49.7cm","W=0.0151*L^3.36000","fish",
"63","Gymnura marmorata","California butterfly ray","native","http://www.fishbase.org/search.php",,"53.5cm, range 40-71.7cm","W=0.0070*L^2.96000","fish",
"66","Hermosilla azurea","zebra perch","native","http://www.fishbase.org/search.php",,"26.5cm, range 19.8-35.54cm","W=0.0194*L^3.23000","fish",
"368","Henricia leviuscula","blood star","native","https://inverts.wallawalla.edu/Echinodermata/Class%20Asteroidea/Henricia_leviuscula.html",,"None","None","invert",
"119","Platichthys stellatus","starry flounder","native","http://www.fishbase.org/search.php",,"28.5cm, range 21.3-38.2cm","W=0.0121*L^3.08100","fish",
"111","Oxylebius pictus","painted greenling","native","http://www.fishbase.org/search.php",,"15.7cm, range 11.7-21.1cm",,"fish",
"369","Hexagrammos decagrammus","kelp greenling","native","https://escholarship.org/content/qt6t96k2rn/qt6t96k2rn_noSplash_c904d58fa5b15d745342dd9106ca4010.pdf?t=p30bdl",,"34.6cm, 25.8-46.3cm","None","fish",
"114","Paralabrax nebulifer","barred sand bass","native","http://www.fishbase.org/search.php",,"37.6cm, range 28-50.3cm",,"fish",
"115","Paralichthys californicus","California halibut","native","http://www.fishbase.org/search.php",,"47.3cm, range 47-51.3cm",,"fish",
"370","Hysterocarpus traskii","tule Perch","native","https://www.waterboards.ca.gov/waterrights/water_issues/programs/bay_delta/deltaflow/docs/exhibits/swrcb/swrcb_matern2002.pdf",,"10cm, range 7.5-13.4cm","None","fish",
"77","Hypsopsetta guttulata","diamond turbot","native","http://www.fishbase.org/search.php",,"27cm, range 20.1-36.1cm",,"fish",
"91","Lythrypnus zebra","zebra goby","native","http://www.fishbase.org/search.php",,"4.2cm, range 3.2-5.7cm",,"fish",
"21","Brachyistius frenatus","kelp perch","native","https://www.fishbase.se/summary/3625",,"14.1cm, range 10.5-18.8",,"fish",
"23","Catostomus occidentalis","sacramento sucker","native","https://escholarship.org/content/qt6t96k2rn/qt6t96k2rn_noSplash_c904d58fa5b15d745342dd9106ca4010.pdf?t=p30bdl",,"34.1cm, range 25.5-45.7cm",,"fish",
"25","Cephaloscyllium ventriosum","swell shark","native","https://www.fishbase.se/summary/802",,"58.3, range 43.5-78.1cm",,"fish",
"27","Chilara taylori","spotted cusk eel","native","https://www.fishbase.se/summary/Chilara-taylori.html#",,"20.9cm, range 15.6-28cm",,"fish",
"28","Chromis punctipinnis","blacksmith","native","https://www.fishbase.se/summary/Chromis-punctipinnis.html",,"15.7cm, range 11.7-21.2cm",,"fish",
"29","Citharichthys sordidus","Pacific sanddab","native","https://www.fishbase.se/summary/Citharichthys-sordidus.html",,"17.7cm, range 13.2-23.7cm",,"fish",
"30","Citharichthys stigmaeus","speckled sanddab","native","https://www.fishbase.se/summary/Citharichthys-stigmaeus.html#",,"11.2cm, range 8.4-15cm",,"fish",
"31","Citharichthys xanthostigma","longfin sanddab","native","https://www.fishbase.se/summary/Citharichthys-xanthostigma.html",,"15.7cm, range 11.7-21.2cm",,"fish",
"32","Clevelandia ios","arrow goby","native","https://www.fishbase.se/Summary/SpeciesSummary.php?ID=3840&AT=arrow+goby",,"4.7cm, range 3.5-6.3cm",,"fish",
"33","Clinocottus acuticeps","sharpnose sculpin","native","https://escholarship.org/content/qt6t96k2rn/qt6t96k2rn_noSplash_c904d58fa5b15d745342dd9106ca4010.pdf?t=p30bdl",,"4.7cm, range 3.5-6.3cm",,"fish",
"37","Cottus aleuticus","coastrange sculpin","native","https://escholarship.org/content/qt6t96k2rn/qt6t96k2rn_noSplash_c904d58fa5b15d745342dd9106ca4010.pdf?t=p30bdl",,"11.2cm, range 8.4-15cm",,"fish",
"41","Cymatogaster aggregata","shiner surfperch","native","http://www.fishbase.org/search.php",,"13.1cm, range 9.8-17.5cm",,"fish",
"47","Embiotoca lateralis","striped surfperch","native","http://www.fishbase.org/search.php",,"22.8cm, 20.8-29.2cm",,"fish",
"49","Enophrys bison","buffalo sculpin","native","https://escholarship.org/content/qt6t96k2rn/qt6t96k2rn_noSplash_c904d58fa5b15d745342dd9106ca4010.pdf?t=p30bdl",,"22.3cm, 16.6-29.8cm",,"fish",
"145","Semicossyphus pulcher","California sheephead","native","http://www.fishbase.org/search.php",,"30.4cm, range 22.7-40.8cm",,"fish",
"151","Squatina californica","Pacific angelshark","native","http://www.fishbase.org/search.php",,"97cm, range 86-108cm",,"fish",
"155","Thaleichthys pacificus","Eulachon","native","https://www.fisheries.noaa.gov/species/eulachon",,"15.5cm, range 15-16cm",,"fish",
"50","Eucyclogobius newberryi","tidewater goby","native","http://www.fishbase.org/search.php",,"4.2cm, range 3.2-5.7cm",,"fish",
"51","Fundulus heteroclitus","mummichog","native","http://www.fishbase.org/search.php",,"6.9cm, range 5.2-9.2cm",,"fish",
"371","Idotea sp.","isopods","native","None",,"None","None","invert",
"372","Ligia sp.","isopod","Not recorded","None",,"None","None","invert",
"373","Littorina sp.","periwinkle snails","invasive","https://invasions.si.edu/nemesis/calnemo/group_profiles",,"None","None","invert",
"374","Megastraea undosa","wavy turban snail","native","https://web.csulb.edu/colleges/cnsm/depts/biology/invertebrate_reproduction/mollusca.html",,"None","None","invert",
"375","Nassarius sp.","nassa mud snail","Not recorded","http://www.marinespecies.org/aphia.php?p=taxdetails&id=138235",,"None","None","invert",
"36","Coryphopterus nicholsi","blackeye goby","native","http://www.fishbase.org/search.php",,"10cm, range 7.5-13.4cm",,"fish","Rhinogobiops nicholsii"
"152","Symphurus atricauda","California tonguefish","native","http://www.fishbase.org/search.php",,"13.5cm, range 10-18cm",,"fish","Symphurus atricaudus"
"156","Torpedo californica","electric ray","native","http://www.fishbase.org/search.php",,"69.3cm, range 51.7-92.8cm",,"fish",
"141","Sebastes auriculatus","brown rockfish","native","http://www.fishbase.org/search.php",,"31cm, range 26-38cm",,"fish",
"376","Nucella sp.","dog whelk snails","native","https://inverts.wallawalla.edu/Mollusca/Gastropoda/Prosobranchia/Order_Neogastropoda/Suborder_Rachiglossa/Family_Nucellidae/Nucella_ostrina.html",,"None","None","invert",
"377","Ocinebrellus inornatus","Japanese oyster drill","invasive","https://invasions.si.edu/nemesis/species_summary/73246",,"None","None","invert",
"378","Oncorhynchus clarkii clarkii","coastal cutthroat trout","native","http://calfish.ucdavis.edu/location/?uid=38&ds=698",,"16.5cm, range 15-18cm","W=0.0087*L^3.0000","fish",
"379","Ophiuroidea sp.","brittle stars","native","https://journals.plos.org/plosone/article?id=10.1371/journal.pone.0031940",,"None","None","invert",
"380","Pachygrapsus sp.","shore crab","Not recorded","None",,"None","None","invert",
"236","Okenia plana","flat okenia","invasive","https://invasions.si.edu/nemesis/calnemo/species_summary/78423",,,,"invert","Okenia eolida"
"249","Parastichopus californicus","California sea cucumber","native","https://inverts.wallawalla.edu/Echinodermata/Class%20Holothuroidea/Parastichopus_californicus.html",,,,"invert","Apostichopus californicus"
"330","Actinemys marmorata","western pond turtle","native",,,,,"other",
"329","Paraclinus integripinnis","finspot kelpfish","native",,,"4.7cm, 3.5-6.2cm","W=0.0146*L^2.86300","fish",
"332","Octopus bimaculatus","California two-spot octopus","Not recorded",,,,,"invert",
"80","Ictalurus furcatus","blue catfish","invasive","https://invasions.si.edu/nemesis/calnemo/species_summary/163997",,"55cm, rnage 41.1-73.7cm","W=0.0020*L^3.41000","fish",
"81","Ictalurus punctatus","channel catfish","invasive","http://calfish.ucdavis.edu/location/?uid=31&ds=698",,"43.1cm, range 54-67.2cm","W=0.0029*L^3.30000","fish",
"84","Lepidogobius lepidus","bay goby","native","http://www.fishbase.org/search.php",,"6.6cm, range 4.9-8.8cm","W=0.0083*L^3.10000","fish",
"85","Lepomis cyanellus","green sunfish","invasive","https://invasions.si.edu/nemesis/calnemo/species_summary/168132",,"19cm, range 14.2-25.5cm","W=0.0199*L^3.19000","fish",
"87","Leptocottus armatus","Pacific staghorn sculpin","native","http://www.fishbase.org/search.php",,"27cm, 
range 20.1-36.1cm","W=0.0400*L^2.82000","fish",
"57","Gibbonsia montereyensis","crevice kelpfish","native","http://www.fishbase.org/search.php",,"7.6cm, range 5.7-10.2cm",,"fish",
"72","Hypomesus pretiosus","surf smelt","native","https://www.waterboards.ca.gov/waterrights/water_issues/programs/bay_delta/deltaflow/docs/exhibits/swrcb/swrcb_matern2002.pdf",,"18.8cm, range 14-25.1cm",,"fish",
"315","unknown shark","unknown shark","Not recorded",,,,,"fish",
"316","unknown jellyfish","unknown jellyfish","Not recorded",,,,,"invert",
"109","Ophiodon elongatus","lingcod","native","http://www.fishbase.org/search.php",,"70.5cm, range 61-76cm",,"fish",
"303","Cancer productus","Red Rock Crab","native","https://www.centralcoastbiodiversity.org/red-rock-crab-bull-cancer-productus.html","Jess Turner requested this to be added on December 23 2021",,,"invert",
"219","Magallana gigas","Pacific oyster","invasive","https://invasions.si.edu/nemesis/calnemo/species_summary/79868",,,,"invert",
"234","Nutricola tantilla","purple dwarf venus","native","https://escholarship.org/uc/item/6t96k2rn",,,,"invert",
"238","Orconectes virilis","virile crayfish","invasive","https://invasions.si.edu/nemesis/calnemo/species_summary/97425",,,,"invert",
"239","Ostrea lurida","Olympia oyster","native","https://inverts.wallawalla.edu/Mollusca/Bivalvia/Ostreoida/Ostreidae/Ostrea_lurida.html",,,,"invert",
"241","Pachygrapsus crassipes","striped shore crab","native","https://under-morro-bay.ucsd.edu/invertebrates/striped-shore-crab",,,,"invert",
"244","Palaemon modestus","Siberian prawn","invasive","https://invasions.si.edu/nemesis/calnemo/species_summary/96574",,,,"invert",
"245","Pandalus hypsinotus","coonstripe shrimp","native","https://www.centralcoastbiodiversity.org/crustaceans.html",,,,"invert",
"247","Panopea abrupta","geoduck","native","https://inverts.wallawalla.edu/Mollusca/Bivalvia/Myoida/Hiatellidae/Panopea_abrupta.html",,,,"invert",
"248","Panulirus interruptus","California spiny lobster","native","https://caseagrant.ucsd.edu/seafood-profiles/california-spiny-lobster",,,,"invert",
"251","Patiria miniata","bat stars","native","https://inverts.wallawalla.edu/Echinodermata/Class%20Asteroidea/Asterina_miniata.html",,,,"invert",
"252","Petrolisthes cinctipes","porcelain crab","native","https://inverts.wallawalla.edu/Arthropoda/Crustacea/Malacostraca/Eumalacostraca/Eucarida/Decapoda/Anomura/Family_Porcellanidae/Petrolisthes_cinctipes.html",,,,"invert",
"253","Philine auriformis","tortellini snail","invasive","https://invasions.si.edu/nemesis/calnemo/species_summary/568082",,,,"invert",
"254","Philine orientalis","oriental sea slug","invasive","https://invasions.si.edu/nemesis/calnemo/species_summary/-195",,,,"invert",
"255","Phyllorhiza punctata","white-spotted jellyfish","invasive","https://invasions.si.edu/nemesis/calnemo/species_summary/51829",,,,"invert",
"381","Pagurus sp.","hermit crab","native","https://escholarship.org/content/qt7sk9t2dz/qt7sk9t2dz.pdf",,"None","None","invert",
"382","Paralabrax sp.","juvenile bass","Not recorded","None",,"None","None","fish",
"383","Pomoxis sp.","crappie","invasive","http://calfish.ucdavis.edu/species/?ds=241&uid=112",,"30.6cm, range 22.8-41cm","W=0.0092*L^3.1180","fish",
"384","Potamocorbula amurensis","overbite clam","invasive","https://trnerr.org/wp-content/uploads/2010/12/hs_curriculum_FIELD-GUIDE1.pdf",,"None","None","invert",
"385","Pugettia sp.","kelp crab","native","https://inverts.wallawalla.edu/Arthropoda/Crustacea/Malacostraca/Eumalacostraca/Eucarida/Decapoda/Brachyura/Family_Majidae/Pugettia_producta.html",,"None","None","invert",
"386","Rhacochilus toxotes","rubberlip surfperch","native","http://www.fishbase.org/search.php",,"27.5cm, range 20.5-36.8cm","None","fish",
"327","Sphoeroides annulatus","Bullseye pufferfish","native",,,"25.9cm, range 19.3-34.7cm","W0.0263*L^2.94000","fish",
"250","Parastichopus parvimensis","warty sea cucumber","native","https://caseagrant.ucsd.edu/seafood-profiles/warty-sea-cucumber-0",,,,"invert","Apostichopus parvimensis"
"4","Acipenser transmontanus","white sturgeon","native","https://www.waterboards.ca.gov/waterrights/water_issues/programs/bay_delta/deltaflow/docs/exhibits/swrcb/swrcb_matern2002.pdf",,"161cm, range 120.1-215.5cm","W=0.0029*L^3.23000","fish",
"89","Lucania parva","rainwater killifish","invasive","https://www.waterboards.ca.gov/waterrights/water_issues/programs/bay_delta/deltaflow/docs/exhibits/swrcb/swrcb_matern2002.pdf",,"4.6cm, range 3.4-6.2cm","W=0.14*L^3.59800","fish",
"90","Lythrypnus dalli","bluebanded goby","native","http://www.fishbase.org/search.php",,"4.7cm, range 3.4-4.7cm","W=0.0099*L^2.97300","fish",
"86","Lepomis gibbosus","pumpkinseed","invasive","http://calfish.ucdavis.edu/location/?uid=118&ds=698",,"20.2cm, range 15.1-27cm","W=0.0103*L^3.23800","fish",
"124","Pleuronichthys verticalis","hornyhead turbot","native","http://www.fishbase.org/search.php",,"22.3cm, range 20.3-28.4cm","W=0.014*L^3.124000","fish",
"125","Poecilia latipinna","sailfin molly","invasive","https://invasions.si.edu/nemesis/calnemo/species_summary/165898",,"6.7cm, range 5-9.5cm","W=0.026*L^2.88000","fish",
"128","Porichthys notatus","plainfin midshipman","native","http://www.fishbase.org/search.php",,"22.8cm, range 17-30.5cm","W=0.0080*L^3.04700","fish",
"137","Sardinops sagax","Pacific sardine","native","http://www.fishbase.org/search.php",,"19cm, range 14.2-26.4cm","W=0.0090*L^3.10000","fish",
"138","Scomber japonicus","chub mackerel","native","http://www.fishbase.org/search.php",,"26.1cm, range 16.4-29.4cm","W=0.0040*L^3.22000","fish",
"139","Scorpaena guttata","California scorpionfish","native","http://www.fishbase.org/search.php",,"20.1cm, range 15-27cm","W=0.0330*L^2.99600","fish",
"92","Medialuna californiensis","halfmoon","native","http://www.fishbase.org/search.php",,"28cm, range 20.9-37cm",,"fish",
"99","Mustelus californicus","gray smoothhound","native","http://www.fishbase.org/search.php",,"70cm, range 63.1-113.3cm",,"fish",
"100","Mustelus henlei","brown smoothhound","native","http://www.fishbase.org/search.php",,"57cm, range 51-63cm",,"fish",
"256","Pisaster ochraceus","ochre sea star","native","https://inverts.wallawalla.edu/Echinodermata/Class%20Asteroidea/Pisaster_ochraceus.html",,,,"invert",
"257","Pleurobrachia bachei","sea gooseberry","native","https://core.ac.uk/download/pdf/32416952.pdf",,,,"invert",
"258","Polyorchis penicillatus","red eye jellyfish","native","https://inverts.wallawalla.edu/Cnidaria/Class-Hydrozoa/Hydromedusae/Polyorchis_penicillatus.html",,,,"invert",
"178","Carcinus maenas","European green crab","invasive","https://www.exoticsguide.org/",,,,"invert",
"243","Palaemon macrodactylus","oriental shrimp","invasive","https://nerrssciencecollaborative.org/media/files/Vol%20I-II-III_Suisun%20Conservation%20Assessment_Sep2011(lo-res).pdf",,,,"invert",
"240","Pachycheles rudis","lumpy porcelain crab","native","https://inverts.wallawalla.edu/Arthropoda/Crustacea/Malacostraca/Eumalacostraca/Eucarida/Decapoda/Anomura/Family_Porcellanidae/Pachycheles_rudis.html",,,,"invert",
"167","Amphiodia periercta","long arm brittle star","native","https://www.centralcoastbiodiversity.org/crustaceans.html",,,,"invert",
"172","Batillaria attramentaria","Japanese false clam","invasive","https://invasions.si.edu/nemesis/calnemo/species_summary/567272",,,,"invert",
"166","Acantholithodes hispidus","spiny lithode crab","native","https://inverts.wallawalla.edu/Arthropoda/Crustacea/Malacostraca/Eumalacostraca/Eucarida/Decapoda/Anomura/Family_Lithodidae/Acantholithodes_hispidus.html",,,,"invert",
"168","Aplysia californica","California sea hare","native","https://animaldiversity.org/accounts/Aplysia_californica/",,,,"invert",
"169","Aplysia vaccaria","giant sea hare","native",,,,,"invert",
"387","Rhithropanopeus harrisii","Harris mud crab","invasive","https://invasions.si.edu/nemesis/calnemo/species_summary/98790",,"None","None","invert",
"388","Sphyraena sp.","barracuda","native","http://www.fishbase.org/search.php",,"None","None","fish",
"389","Spirinchus starksi","night smelt","native","https://escholarship.org/content/qt6t96k2rn/qt6t96k2rn_noSplash_c904d58fa5b15d745342dd9106ca4010.pdf?t=p30bdl",,"14.6cm, range 10.9-19.6cm","None","fish",
"390","Spirinchus thaleichthys","longfin smelt","native","https://www.waterboards.ca.gov/waterrights/water_issues/programs/bay_delta/deltaflow/docs/exhibits/swrcb/swrcb_matern2002.pdf",,"12.7cm, range 9-17cm","None","fish",
"391","Strongylura exilis","California needlefish","native","None",,"49.3cm, range 36.8-66cm","None","fish",
"392","Tagelus californianus","California jack-knife clam","native","https://trnerr.org/wp-content/uploads/2010/12/hs_curriculum_FIELD-GUIDE1.pdf",,"None","None","invert",
"393","Tegula sp.","turban snails","native","https://www.centralcoastbiodiversity.org/black-turban-snail-bull-tegula-funebralis.html",,"None","None","invert",
"121","Pleuronectes vetulus","English sole","native","http://www.fishbase.org/search.php",,"31cm, range 30-32cm","W=0.0038*L^3.12700","fish","Parophrys vetulus"
"134","Rhinobatos productus","shovelnose guitarfish","native","http://www.fishbase.org/search.php",,"87.9cm, range 65.6-117.7cm","W=0.0045*L^2.92000","fish","Pseudobatos productus"
"307","Lithobates catesbeianus","American bullfrog","non-native",,,,,"other","Rana catesbeiana"
"175","Busycotypus canaliculatus","channeled whelk","invasive","https://www.exoticsguide.org/",,,,"invert",
"58","Gila orcuttii","arroyo chub","native","https://invasions.si.edu/nemesis/calnemo/species_summary/553278",,"23.8cm, range 17.8-31.9cm",,"fish",
"7","Ameiurus catus","white catfish","invasive","http://calfish.ucdavis.edu/location/?uid=180&ds=698",,"27.3cm, range 20.4-36.6cm","W=0.0120*L^3.01000","fish",
"8","Ameiurus melas","black bullhead","invasive","https://invasions.si.edu/nemesis/calnemo/species_summary/164039",,"37.1cm, range 27.7-49.7cm","W=0.0151*L^2.97700","fish",
"9","Ameiurus natalis","yellow bullhead","invasive","https://invasions.si.edu/nemesis/calnemo/species_summary/164041",,"34.1cm, range 25.5-45.7cm","W=0.0152*L^2.9730","fish",
"10","Ameiurus nebulosus","brown bullhead","invasive","https://invasions.si.edu/nemesis/calnemo/species_summary/164043",,"26.6cm, range 20-33cm","W=0.0101*L^3.06500","fish",
"11","Amphistichus argenteus","barred surfperch","native","https://www.fishbase.de/summary/Amphistichus-argenteus.html#",,"29.5cm, range 22-39.6cm","W=0.0300*L^3","fish",
"19","Aulorhynchus flavidus","tubenose","native","https://www.fishbase.se/summary/Aulorhynchus-flavidus.html",,"8.7cm, range 6.5-11.7cm","W=0.0010*L^3.25600","fish",
"20","Blepsias cirrhosus","silverspot sculpin","native","https://escholarship.org/content/qt6t96k2rn/qt6t96k2rn_noSplash_c904d58fa5b15d745342dd9106ca4010.pdf?t=p30bdl",,"13cm, range 9.7-17.4","W=0.0088*L^3.02780","fish",
"22","Carassius auratus","goldfish","invasive","https://invasions.si.edu/nemesis/calnemo/species_summary/163350",,"28cm, range 42.1-59.2cm","W=0.0143*L^3.0800","fish",
"26","Cheilotrema saturnum","black croaker","native","https://www.fishbase.se/summary/Cheilotrema-saturnum.html",,"26.5cm, range 19.8-35.5cm","W=0.0130*L^3.10600","fish",
"103","Oligocottus maculosus","tidepool sculpin","native","http://www.fishbase.org/search.php",,"6.7cm, range 5-7.1cm",,"fish",
"73","Hypomesus transpacificus","Delta smelt","native","https://www.waterboards.ca.gov/waterrights/water_issues/programs/bay_delta/deltaflow/docs/exhibits/swrcb/swrcb_matern2002.pdf",,"6cm, range 6-7cm",,"fish",
"394","Elops affinis","machete","native","https://fishbase.mnhn.fr/summary/2601",,"None","None","fish",
"116","Percina macrolepida","big scale log perch","invasive","http://calfish.ucdavis.edu/species/?uid=6&ds=241",,"7.6cm, range 5.8-8.2cm",,"fish",
"93","Menidia beryllina","inland silverside","invasive","https://www.waterboards.ca.gov/waterrights/water_issues/programs/bay_delta/deltaflow/docs/exhibits/swrcb/swrcb_matern2002.pdf",,"10cm, range 7.5-13.4cm",,"fish",
"61","Gobiesox maeandricus","Northern clingfish","native","http://www.fishbase.org/search.php",,"10.6cm, range 8.6-12cm",,"fish",
"62","Gymnothorax mordax","California moray eel","native","http://www.fishbase.org/search.php",,"77.5cm, range 57.9-103.9",,"fish",
"64","Halichoeres semicinctus","rock wrasse","native","http://www.fishbase.org/search.php",,"22.8cm, range 17-30.5cm",,"fish",
"170","Arcuatula senhousia","green mussel","invasive","https://invasions.si.edu/nemesis/calnemo/species_summary/79577",,,,"invert",
"171","Aurelia coerulea","moon jellyfish","invasive","https://invasions.si.edu/nemesis/calnemo/species_summary/-265",,,,"invert",
"173","Blackfordia virginica","black sea jellyfish","invasive","https://core.ac.uk/download/pdf/32416952.pdf",,,,"invert",
"174","Boonea bisuturalis","two-groove odostome","invasive","https://invasions.si.edu/nemesis/calnemo/species_summary/75987",,,,"invert",
"275","Bulla gouldiana","bulla snail","native",,,,,"invert",
"35","Clupea pallasii","Pacific herring","native","http://www.fishbase.org/search.php",,"21.4cm, range 17.5-31.4cm","W=0.0043*L^3.23200","fish",
"42","Cynoscion nobilis","white seabass","native","http://www.fishbase.org/search.php",,"72.4cm, range 54.8-98.3cm","W=0.0123*L^2.94200","fish","Atractoscion nobilis"
"208","Leukoma staminea","Pacific littleneck clam","native","https://www.centralcoastbiodiversity.org/pacific-littleneck-clam-bull-leukoma-staminea.html",,,,"invert",
"308","Pholis laeta","crescent gunnel","native",,,"15.7cm, range 11.7-21.1cm",,"fish",
"34","Clinocottus analis","wooly sculpin","native","https://www.fishbase.se/summary/Clinocottus-analis.html",,"8cm, range 5.9-10.7cm","W=0.0193*L^3.07800","fish",
"39","Cottus asperrimus","rough Sculpin","native","https://escholarship.org/content/qt6t96k2rn/qt6t96k2rn_noSplash_c904d58fa5b15d745342dd9106ca4010.pdf?t=p30bdl",,"7.3cm, range 5.4-9.7cm","W=0.0259*L^2.80000","fish",
"40","Ctenogobius sagittula","longtail goby","native","http://www.fishbase.org/search.php",,"12.9cm, range 9.6-17.3cm","W=0.0066*L^2.80000","fish",
"43","Cyprinella lutrensis","red shiner","invasive","http://calfish.ucdavis.edu/location/?uid=122&ds=698",,"6.5cm, range 4.9-6.9cm","W=0.0080*L^3.1320","fish",
"44","Cyprinus carpio","common carp","invasive","http://calfish.ucdavis.edu/location/?uid=44&ds=698",,"34.8cm, range 25-36cm","W=0.0370*L^2.89000","fish",
"46","Embiotoca jacksoni","black perch","native","http://www.fishbase.org/search.php",,"23.3cm, range 17.4-31.2cm","W=0.0616*L^2.86360","fish",
"48","Engraulis mordax","Californian anchovy","native","http://www.fishbase.org/search.php",,"9.6cm, range 8.7-15.7cm","W=0.0117*L^2.95000","fish",
"144","Sebastes rastrelliger","grass rockfish","native","https://escholarship.org/content/qt6t96k2rn/qt6t96k2rn_noSplash_c904d58fa5b15d745342dd9106ca4010.pdf?t=p30bdl",,"27.7cm, range 20.7-37.1cm","W=0.0220*L^3.0","fish",
"146","Seriola lalandi","yellowtail amberjack","native","http://www.fishbase.org/search.php",,"74.3cm, range 55.4-99.5cm","W=0.0337*L^2.75000","fish",
"153","Syngnathus leptorhynchus","bay pipefish","native","http://www.fishbase.org/search.php",,"19.8cm, range 
14.8-26.6cm","W=0.0002*L^3.1200","fish",
"154","Synodus lucioceps","California lizardfish","native","http://www.fishbase.org/search.php",,"36.1cm, range 27-48.4cm","W=0.009*L^2.90700","fish",
"157","Trachurus symmetricus","Pacific jack mackerel","native","http://www.fishbase.org/search.php",,"30.9cm, range 23.1-41.4cm","W=0.0044*L^3.21200","fish",
"158","Triakis semifasciata","leopard shark","native","http://www.fishbase.org/search.php",,"109.8cm, range 100-129cm","W=0.0031*L^3.05000","fish",
"65","Hemilepidotus hemilepidotus","red Irish lord","native","https://escholarship.org/content/qt6t96k2rn/qt6t96k2rn_noSplash_c904d58fa5b15d745342dd9106ca4010.pdf?t=p30bdl",,"29.5cm, range 22-39.6cm",,"fish",
"201","Hemigrapsus nudus","purple shore crab","native","https://inverts.wallawalla.edu/Arthropoda/Crustacea/Malacostraca/Eumalacostraca/Eucarida/Decapoda/Brachyura/Family_Grapsidae/Hemigrapsus_nudus.html",,,,"invert",
"206","Laternula gracilis",,"invasive","https://invasions.si.edu/nemesis/calnemo/species_summary/-201",,,,"invert",
"207","Leostyletus misakiensis","misaki ballon aeolis","invasive","https://invasions.si.edu/nemesis/calnemo/species_summary/78612",,,,"invert",
"209","Limecola petalum","Atlantic macoma","invasive","https://invasions.si.edu/nemesis/calnemo/species_summary/-204",,,,"invert",
"210","Linckia columbiae","fragile star","native","https://www.sealifebase.se/summary/Linckia-columbiae.html",,,,"invert",
"212","Loxorhynchus crispatus","decorator crab","native","https://www.sealifebase.ca/summary/Loxorhynchus-crispatus.html",,,,"invert",
"224","Metacarcinus magister","dungeness crab","native","https://inverts.wallawalla.edu/Arthropoda/Crustacea/Malacostraca/Eumalacostraca/Eucarida/Decapoda/Brachyura/Family_Cancridae/Cancer_magister.html",,,,"invert",
"120","Platyrhinoidis triseriata","thornback guitarfish","native","http://www.fishbase.org/search.php",,"49.3cm, range 36.8-66cm",,"fish",
"54","Gasterosteus aculeatus","threespine stickleback","native","https://www.waterboards.ca.gov/waterrights/water_issues/programs/bay_delta/deltaflow/docs/exhibits/swrcb/swrcb_matern2002.pdf",,"5.5cm, range 4.3-7.6cm","W=0.0068*L^3.26000","fish",
"52","Fundulus parvipinnis","California killifish","native","http://www.fishbase.org/search.php",,"7.4cm, range 5.5-10cm","W=0.0057*L^3.7","fish",
"53","Gambusia affinis","Western mosquitofish","invasive","http://calfish.ucdavis.edu/location/?uid=178&ds=698",,"4.3cm, range 3.2-5.8cm","W=0.0095*L^3.23510","fish",
"55","Genyonemus lineatus","white croaker","native","http://www.fishbase.org/search.php",,"14cm, range 13-15cm","W=0.0272*L^2.94300","fish",
"56","Gibbonsia elegans","spotted kelpfish","native","http://www.fishbase.org/search.php",,"10.6cm, range 8.6-14.2cm","W=0.0086*L^3.10400","fish",
"17","Atherinops affinis","topsmelt silverside","native","https://www.fishbase.se/summary/Atherinops-affinis.html",,"22.3cm, range 16.6-29.8cm","W=0.0400*L^2.5000","fish",
"230","Mytilus galloprovincialis","bay mussel","invasive","https://caseagrant.ucsd.edu/seafood-profiles/mediterranean-mussel",,,,"invert",
"205","Ilyanassa obsoleta","Eastern mudsnail","invasive","https://www.exoticsguide.org/",,,,"invert","Tritia obsoleta"
"226","Musculista senhousia","green bagmussel","invasive","https://www.exoticsguide.org/node/115",,,,"invert","Arcuatula senhousia"
"1","Acanthogobius flavimanus","yellowfin goby","invasive","https://www.waterboards.ca.gov/waterrights/water_issues/programs/bay_delta/deltaflow/docs/exhibits/swrcb/swrcb_matern2002.pdf",,"24.6cm, range 18.3-32.9cm","W=0.0088*L^2.86900","fish",
"67","Heterodontus francisci","horn shark","native","http://www.fishbase.org/search.php",,"63.9cm, range 47.7-85.6cm","W=0.006*L^3.06000","fish",
"68","Heterostichus rostratus","giant kelpfish","native","http://www.fishbase.org/search.php",,"25.5cm, range 19.1-34.2cm","W=0.0022*L^3.39000","fish",
"71","Hypomesus nipponensis","wakasagi","invasive","https://www.waterboards.ca.gov/waterrights/water_issues/programs/bay_delta/deltaflow/docs/exhibits/swrcb/swrcb_matern2002.pdf",,"6.5cm, range 6-7cm","W=0.0089*L^2.87310","fish",
"180","Centrostephanus coronatus","black urchin","native","https://nrm.dfg.ca.gov/FileHandler.ashx?DocumentID=131816&inline",,,,"invert",
"181","Cerithidea californica","California horn snail","native","https://trnerr.org/wp-content/uploads/2010/12/hs_curriculum_FIELD-GUIDE1.pdf",,,,"invert",
"185","Corbicula fluminea","Asian clam","invasive","https://invasions.si.edu/nemesis/calnemo/species_summary/81387",,,,"invert",
"216","Macoma inquinata","Eastern softshell clam","invasive","https://escholarship.org/uc/item/6t96k2rn",,,,"invert",
"213","Lyrodus pedicellatus","blacktip shipworm","invasive","https://invasions.si.edu/nemesis/calnemo/species_summary/81878",,,,"invert",
"214","Lytechinus anamesus","white urchin","native","https://www.sealifebase.ca/summary/Lytechinus-anamesus.html",,,,"invert",
"217","Macoma nasuta","Bent-nose clam","native","https://trnerr.org/wp-content/uploads/2010/12/hs_curriculum_FIELD-GUIDE1.pdf",,,,"invert",
"218","Maeotias marginata","black sea jellyfish","invasive","https://watershed.ucdavis.edu/files/biblio/Suisun%20Marsh%20Clams%20Jellies%20BDSC%202016%20Final.pdf",,,,"invert",
"198","Geukensia demissa","ribbed mussel","invasive","https://www.exoticsguide.org/geukensia_demissa",,,,"invert",
"222","Melanochlamys ezoensis","Japanese aglaja","invasive","https://invasions.si.edu/nemesis/calnemo/species_summary/-653",,,,"invert",
"223","Melanoides tuberculata","red-rim melania","invasive","https://invasions.si.edu/nemesis/calnemo/species_summary/71533",,,,"invert",
"225","Munida quadrispina","squat lobster","native","https://inverts.wallawalla.edu/Arthropoda/Crustacea/Malacostraca/Eumalacostraca/Eucarida/Decapoda/Anomura/Family_Galatheidae/Munida_quadrispina.html",,,,"invert",
"227","Mya arenaria","soft shell clam","invasive","https://escholarship.org/uc/item/6t96k2rn",,,,"invert",
"228","Myosotella myosotis","mouse ear snail","invasive","https://www.exoticsguide.org/",,,,"invert",
"229","Mytilus californianus","California mussel","native","https://marine.ucsc.edu/target/target-species-mytilus.html",,,,"invert",
"78","Hypsurus caryi","rainbow surfperch","native","http://www.fishbase.org/search.php",,"18.5cm, range 13.8-22.9cm",,"fish",
"82","Ilypnus gilberti","cheekspot goby","native","http://www.fishbase.org/search.php",,"4.7cm, range 3.5-6.3cm",,"fish",
"101","Mustelus mustelus","smoothhound shark","non-native","http://www.fishbase.org/search.php","**did not see records of this fish in california/baja","72.9cm, range 54.4-97.7","W=0.0022*L^3.110000","fish",
"88","Leuresthes tenuis","California grunion","native","http://www.fishbase.org/search.php",,"11.9cm, range 9.2-16.6cm",,"fish",
"5","Alloclinus holderi","isIand kelpfish","native","https://www.fishbase.se/summary/Alloclinus-holderi.html",,"7cm, range 5.2-9.4",,"fish",
"105","Oncorhynchus keta","chum salmon","native","http://calfish.ucdavis.edu/location/?uid=32&ds=698",,"70cm, range 45.9-82.4cm",,"fish",
"117","Phanerodon furcatus","white surfperch","native","http://www.fishbase.org/search.php",,"19.6cm, range 14.6-26.2cm",,"fish",
"118","Pholis ornata","saddleback gunnel","native","https://escholarship.org/content/qt6t96k2rn/qt6t96k2rn_noSplash_c904d58fa5b15d745342dd9106ca4010.pdf?t=p30bdl",,"18.5cm, range 13.8-24.8cm",,"fish",
"122","Pleuronichthys coenosus","C-O sole","native","http://www.fishbase.org/search.php",,"21.7cm, range 16.2-29.1cm",,"fish",
"123","Pleuronichthys ritteri","spotted turbot","native","http://www.fishbase.org/search.php",,"18.5cm, range 13.8-24.8cm",,"fish",
"231","Neobernaya spadicea","chestnut cowrie","native","http://www.marinespecies.org/aphia.php?p=taxdetails&id=580674",,,,"invert",
"319","Hippolyte californiensis","California grass shrimp","native",,,,,"invert",
"232","Neotrypaea californiensis","bay ghost shrimp","native","https://escholarship.org/uc/item/6t96k2rn",,,,"invert",
"195","Diadumene lineata","orange-striped green anemone","invasive","https://www.exoticsguide.org/diadumene_lineata",,,,"invert",
"221","Melampus olivaceus","coffee bean snail","native","https://web.csulb.edu/colleges/cnsm/depts/biology/invertebrate_reproduction/mollusca.html",,,,"invert",
"184","Clinocardium nuttallii","heart cockle","native","https://escholarship.org/uc/item/6t96k2rn",,,,"invert",
"260","Potamopyrgus antipodarum","New Zealand mud snail","invasive","https://invasions.si.edu/nemesis/calnemo/species_summary/205006",,,,"invert",
"261","Procambarus clarkii","red swamp crayfish","invasive","https://invasions.si.edu/nemesis/calnemo/species_summary/97491",,,,"invert",
"318","unknown whelk","unknown whelk","Not recorded",,,,,"invert",
"320","Penaeus californiensis","brown shrimp","Not recorded",,,,,"invert",
"296","Laevicardium substriatum","Pacific eggcockle","Not recorded",,,,,"invert",
"298","Tagelus subteres","lesser tagelus","Not recorded",,,,,"invert",
"299","Phrontis tiarula","western mud nassa","Not recorded",,,,,"invert",
"300","Upogebia macginitieorum","southern mud shrimp","Not recorded",,,,,"invert",
"284","unknown shrimp","unknown shrimp","Not recorded",,,,,"invert",
"281","juvenile crab","juvenile crab","Not recorded",,,,,"invert",
"282","juvenile goby","juvenile goby","Not recorded",,,,,"fish",
"285","unknown snail","unknown snail","Not recorded",,,,,"invert",
"283","unknown sculpin","unknown sculpin","Not recorded",,,,,"fish",
"286","unknown fish","unknown fish","Not recorded",,,,,"fish",
"288","Portunus xantusii","Xantus swimming crab","Not recorded",,,,,"invert",
"287","Callinectes arcuatus","arched swimming crab","Not recorded",,,,,"invert",
"262","Protothaca staminea","Pacific littleneck clam","native","https://inverts.wallawalla.edu/Mollusca/Bivalvia/Veneroida/Veneridae/Protothaca_staminea.html",,,,"invert","Leukoma staminea"
"295","Chione fluctifraga","Smooth venus","Not recorded",,,,,"invert","Chionista fluctifraga"
"126","Pogonichthys macrolepidotus","splittail","native","https://www.waterboards.ca.gov/waterrights/water_issues/programs/bay_delta/deltaflow/docs/exhibits/swrcb/swrcb_matern2002.pdf",,"25.9cm, range 24.2-33.9cm",,"fish",
"131","Raja binoculata","big skate","native","http://www.fishbase.org/search.php",,"117.8cm, range 87.9-157.8cm",,"fish",
"132","Raja inornata","California skate","native","http://www.fishbase.org/search.php",,"42cm, range 42.4-59.4cm",,"fish",
"133","Rhacochilus vacca","pile perch","native","http://www.fishbase.org/search.php",,"26.1cm, range 19.4-34.9cm",,"fish",
"135","Rhinogobiops nicholsii","blackeye goby","native","http://www.fishbase.org/search.php",,"10cm, range 7.5-13.4cm",,"fish",
"136","Roncador stearnsii","spotfin croaker","native","http://www.fishbase.org/search.php",,"26.8cm, range 20-35.9cm",,"fish",
"140","Scorpaenichthys marmoratus","cabezon","native","http://www.fishbase.org/search.php",,"31.9cm, range 23.8-42.7cm",,"fish",
"12","Anchoa compressa","deep body anchovy","native","https://www.fishbase.se/summary/1686",,"9cm, range 6.7-12cm",,"fish",
"14","Apodichthys flavidus","penpoint gunnel","native","https://escholarship.org/content/qt6t96k2rn/qt6t96k2rn_noSplash_c904d58fa5b15d745342dd9106ca4010.pdf?t=p30bdl",,"27cm, range 20.1-36.1cm",,"fish",
"15","Artedius fenestralis","padded sculpin","native","https://escholarship.org/content/qt6t96k2rn/qt6t96k2rn_noSplash_c904d58fa5b15d745342dd9106ca4010.pdf?t=p30bdl",,"9.4cm, range 7.5-12.7cm",,"fish",
"147","Seriphus politus","queenfish","native","http://www.fishbase.org/search.php",,"10.3cm, range 10-10.5cm",,"fish",
"38","Cottus asper","prickly sculpin","native","https://www.waterboards.ca.gov/waterrights/water_issues/programs/bay_delta/deltaflow/docs/exhibits/swrcb/swrcb_matern2002.pdf",,"18.5cm, range 13.8-24.8cm",,"fish",
"16","Artedius notospilotus","bonyhead sculpin","native","https://escholarship.org/content/qt6t96k2rn/qt6t96k2rn_noSplash_c904d58fa5b15d745342dd9106ca4010.pdf?t=p30bdl",,"15.7cm, range 11.7-21.2cm",,"fish",
"70","Hyperprosopon argenteum","walleye surperch","native","http://www.fishbase.org/search.php",,"18.5cm, range 13.8-24.8cm",,"fish",
"312","unknown ray","unknown ray","Not recorded",,,,,"fish",
"305","unknown mussel","unknown mussel","Not recorded",,,,,"fish",
"215","Macoma balthica","Baltic macoma","invasive","https://escholarship.org/uc/item/6t96k2rn",,,,"invert","Limecola balthica"
"317","unknown kelpfish","unknown kelpfish","Not recorded",,,,,"fish",
"177","Cancer antennarius","rock crab","native","https://animaldiversity.org/accounts/Cancer_antennarius/",,,,"invert",
"179","Catriona rickettsi","Ricketts aeolis","invasive","https://invasions.si.edu/nemesis/calnemo/species_summary/78639",,,,"invert",
"186","Crangon franciscorum","bay shrimp","native","https://watershed.ucdavis.edu/files/biblio/Suisun%20Marsh%20Fish%20Report%202017%20Final%20-%20No%20Appendix%20%28low%20res%29.pdf",,,,"invert",
"199","Glebocarcinus oregonensis","pygmy rock crab","native","https://www.centralcoastbiodiversity.org/crustaceans.html",,,,"invert",
"164","Zalembius rosaceus","pink surfperch","native","http://www.fishbase.org/search.php",,"12.9cm, range 9.6-17.3cm",,"fish",
"108","Oncorhynchus tshawytscha ","Chinook salmon","native","http://www.fishbase.org/search.php",,"82.2cm, range 57.2-102.7cm",,"fish",
"142","Sebastes caurinus","copper rockfish","native","https://www.centralcoastbiodiversity.org/fish.html",,"34cm, range 31-41cm",,"fish",
"143","Sebastes melanops","black rockfish","native","https://escholarship.org/content/qt6t96k2rn/qt6t96k2rn_noSplash_c904d58fa5b15d745342dd9106ca4010.pdf?t=p30bdl",,"40.3cm, 
range 30-42cm",,"fish",
"129","Ptychocheilus grandis","Sacramento pikeminnow","native","http://calfish.ucdavis.edu/location/?uid=134&ds=698",,"72.1cm, range 53.8-96.6cm","W=0.0065*L^3.0000","fish",
"266","Strongylocentrotus franciscanus","red urchin","native","https://inverts.wallawalla.edu/Echinodermata/Class%20Echinoidea/Echinoida/Strongylocentrotidae/Strongylocentrotus_franciscanus.html",,,,"invert","Mesocentrotus franciscanus"
"272","Uca crenulata","Mexican fiddler crab","native","https://sci-hub.se/https://academic.oup.com/jcb/article/40/4/364/5843561",,,,"invert","Leptuca crenulata"
"106","Oncorhynchus kisutch","Coho salmon","native","http://www.fishbase.org/search.php",,"57.3cm, range 42.8-76.8cm",,"fish",
"265","Ruditapes philippinarum","Japanese littleneck clam (manila clam)","invasive","https://invasions.si.edu/nemesis/calnemo/species_summary/81477",,,,"invert",
"267","Strongylocentrotus purpuratus","purple urchin","native","https://inverts.wallawalla.edu/Echinodermata/Class%20Echinoidea/Echinoida/Strongylocentrotidae/Strongylocentrotus_purpuratus.html",,,,"invert",
"274","Urosalpinx cinerea","Atlantic oyster drill","invasive","https://www.exoticsguide.org/",,,,"invert",
"159","Tridentiger barbatus","shokihaze goby","invasive","https://www.waterboards.ca.gov/waterrights/water_issues/programs/bay_delta/deltaflow/docs/exhibits/swrcb/swrcb_matern2002.pdf",,"7.3cm, range 5.4-9.7cm","W=0.006*L^3.41600","fish",
"160","Tridentiger bifasciatus","shimofuri goby","invasive","https://www.waterboards.ca.gov/waterrights/water_issues/programs/bay_delta/deltaflow/docs/exhibits/swrcb/swrcb_matern2002.pdf",,"8.2cm, range 6.2-11cm","W=0.014*L^3.00300","fish",
"162","Umbrina roncador","yellowfin croaker","native","http://www.fishbase.org/search.php",,"18.4cm, range 13.7-24.7cm","W-0.0100*L^2.98100","fish",
"273","Upogebia pugettensis","blue mud crab","native","https://www.centralcoastbiodiversity.org/crustaceans.html",,,,"invert",
"161","Tridentiger trigonocephalus","chameleon goby","invasive","https://www.fishbase.se/summary/Tridentiger-trigonocephalus.html",,"7.6cm, range 5.8-8.2cm","W=0.0039*L^3.42000","fish",
"107","Oncorhynchus mykiss","steelhead trout","native","http://www.fishbase.org/search.php",,"65.8cm, range 49.1-88.2cm","W=0.0117*L^2.99700","fish",
"297","Tagelus affinis","NA","Not recorded",,,,,"invert",
"309","unknown surfperch","unknown surfperch","Not recorded",,,,,"fish",
"310","unknown juvenile fish","unknown juvenile fish","Not recorded",,,,,"fish",
"311","unknown smelt","unknown smelt","Not recorded",,,,,"fish",
"45","Dorosoma petenense","threadfin shad","invasive","http://calfish.ucdavis.edu/location/?uid=167&ds=698",,"5.2cm, range 5-5.5cm","W=0.0148*L^2.80000","fish",
"313","unknown invertebrate","unknown invertebrate","Not recorded",,,,,"invert",
"314","unknown Cyprinidae","unknown Cyprinidae","Not recorded",,,,,"fish",
"83","Lampetra tridentata","Pacific lamprey","native","https://www.waterboards.ca.gov/waterrights/water_issues/programs/bay_delta/deltaflow/docs/exhibits/swrcb/swrcb_matern2002.pdf",,"42cm, range 31.4-56.3cm",,"fish",
"271","Tresus nuttallii","Pacific gaper","native","https://www.centralcoastbiodiversity.org/pacific-gaper-bull-tresus-nuttallii.html",,,,"invert",
"246","Pandalus platyceros","spot prawn","native","https://www.centralcoastbiodiversity.org/crustaceans.html",,,,"invert",
"304","Metacarcinus gracilis","Graceful Rock Crab","native","https://www.eopugetsound.org/species/metacarcinus-gracilis","Jess Turner requested this to added on December 23 2021 - asking the common name to be Graceful Rock Crab or Slender Crab. Graceful Rock Crab more closely resembles the site so that was chosen",,,"invert",
"270","Teredo bartschi","Bartsch shipworm","invasive","https://invasions.si.edu/nemesis/calnemo/species_summary/81866",,,,"invert",
"182","Chione undatella","wavy cockle","native","https://trnerr.org/wp-content/uploads/2010/12/hs_curriculum_FIELD-GUIDE1.pdf",,,,"invert",
"183","Chlamys rubida","smooth pink scallop","native","https://escholarship.org/uc/item/6t96k2rn",,,,"invert",
"301","Not recorded","Not recorded","Not recorded","Not recorded",,,,"",
"291","Acteocina inculta","NA","native","NA",,,,"invert",
"292","Assiminea californica","NA","native","NA",,,,"invert","Angustassiminea californica"
"187","Crepidula convexa","convex slippersnail","invasive","https://invasions.si.edu/nemesis/calnemo/species_summary/72624",,,,"invert",
"188","Crepidula plana","Eastern white slippernsnail","invasive","https://invasions.si.edu/nemesis/calnemo/species_summary/72627",,,,"invert",
"190","Cryptolithodes sitchensis","umbrella crab","native","https://inverts.wallawalla.edu/Arthropoda/Crustacea/Malacostraca/Eumalacostraca/Eucarida/Decapoda/Anomura/Family_Lithodidae/Cryptolithodes_sitchensis.html",,,,"invert",
"191","Cucumaria miniata","orange sea cucumber","native","https://www.centralcoastbiodiversity.org/crustaceans.html",,,,"invert",
"192","Cuthona perca","lake merritt aeolis","invasive","https://invasions.si.edu/nemesis/calnemo/species_summary/-55",,,,"invert",
"193","Dendraster excentricus","eccentric sand dollar","native","https://www.centralcoastbiodiversity.org/crustaceans.html",,,,"invert",
"194","Dermasterias imbricata","leather star","native","https://www.centralcoastbiodiversity.org/crustaceans.html",,,,"invert",
"277","Haminoea vesicula","bubble snail","native",,,,,"invert",
"196","Eriocheir sinensis","Chinese mitten crab","invasive","https://wildlife.ca.gov/Conservation/Invasives/Species/Mitten-Crab",,,,"invert",
"197","Gemma gemma","amethyst gem clam","invasive","https://invasions.si.edu/nemesis/calnemo/species_summary/81511",,,,"invert",
"278","Hesperoleucus symmetricus","California roach","native",,,,,"fish",
"202","Hemigrapsus oregonensis","yellow shore crab","native","https://inverts.wallawalla.edu/Arthropoda/Crustacea/Malacostraca/Eumalacostraca/Eucarida/Decapoda/Brachyura/Family_Grapsidae/Hemigrapsus_oregonensis.html",,,,"invert",
"289","Saldidae sp.","shore bugs","Not recorded",,,,,"invert",
"290","Cicadellidae sp.","leafhopper","Not recorded",,,,,"invert",
"279","unknown goby","unknown goby","Not recorded",,,,,"fish",
"280","Modiolus modiolus","horse mussel","Not recorded",,,,,"invert",
"293","Lirobittium quadrifilatum","NA","Not recorded",,,,,"invert",
"294","Chione californiensis","California venus","Not recorded",,,,,"invert",
"395","Pimephales promelas","Fathead minnow","non-native","https://fishbase.mnhn.fr/summary/4785",,,,"fish",
"396","Argopecten sp","scallop","Not recorded",,,,,"invert",
"397","Argopecten ventricosus","Pacific calico scallop","native","https://www.fws.gov/species/pacific-calico-scallop-argopecten-ventricosus",,,,"invert",
"398","Urobatis halleri","California round ray","native","https://www.fishbase.se/summary/urobatis-halleri",,,,"fish",
